CHROM	BIN_START	N_SNPS	TajimaD
scaffold_0	0	184	-0.190571
scaffold_0	10000	273	-0.0743295
scaffold_0	20000	125	-0.123332
scaffold_0	30000	121	0.186486
scaffold_0	40000	97	0.0546767
scaffold_0	50000	79	0.0210483
scaffold_0	60000	92	0.0154501
scaffold_0	70000	127	0.0241774
scaffold_0	80000	86	0.028946
scaffold_0	90000	126	-0.0328841
scaffold_0	100000	120	0.0498918
scaffold_0	110000	148	0.0397131
scaffold_0	120000	148	-0.0448511
scaffold_0	130000	128	-1.12053
scaffold_0	140000	84	-1.2211
scaffold_0	150000	27	-1.54089
scaffold_0	160000	23	-0.917937
scaffold_0	170000	97	-1.49883
scaffold_0	180000	139	-1.49836
scaffold_0	190000	228	-1.27192
scaffold_0	200000	219	-1.39384
scaffold_0	210000	212	-1.36948
scaffold_0	220000	113	-1.2713
scaffold_0	230000	97	-1.24206
scaffold_0	240000	161	-1.44895
scaffold_0	250000	68	-1.33191
scaffold_0	260000	7	-1.57285
scaffold_0	270000	69	-1.7298
scaffold_0	280000	149	-1.47449
scaffold_0	290000	218	-1.6134
scaffold_0	300000	128	-1.32068
scaffold_0	310000	144	-1.49579
scaffold_0	320000	134	-1.23287
scaffold_0	330000	155	-1.55413
scaffold_0	340000	171	-1.30458
scaffold_0	350000	155	-1.29361
scaffold_0	360000	157	-1.46434
scaffold_0	370000	186	-1.35455
scaffold_0	380000	122	-1.35049
scaffold_0	390000	190	-1.49066
scaffold_0	400000	195	-0.950196
scaffold_0	410000	196	-0.998036
scaffold_0	420000	170	-1.11702
scaffold_0	430000	171	-1.35587
scaffold_0	440000	123	-1.39271
scaffold_0	450000	138	-1.3915
scaffold_0	460000	167	-1.52382
scaffold_0	470000	189	-1.53845
scaffold_0	480000	259	-1.39721
scaffold_0	490000	236	-1.0724
scaffold_0	500000	167	-1.2256
scaffold_0	510000	240	-1.04237
scaffold_0	520000	323	-0.975555
scaffold_0	530000	209	-1.13572
scaffold_0	540000	226	-1.3167
scaffold_0	550000	295	-1.16
scaffold_0	560000	291	-0.913773
scaffold_0	570000	258	-1.41854
scaffold_0	580000	207	-1.41365
scaffold_0	590000	366	-1.02473
scaffold_0	600000	258	-0.790223
scaffold_0	610000	281	-0.753671
scaffold_0	620000	210	-0.950915
scaffold_0	630000	220	-0.551407
scaffold_0	640000	302	-0.661993
scaffold_0	650000	385	-0.738285
scaffold_0	660000	272	-0.748255
scaffold_0	670000	371	-0.756119
scaffold_0	680000	352	-0.629422
scaffold_0	690000	346	-0.608069
scaffold_0	700000	331	-0.799328
scaffold_0	710000	165	-0.468141
scaffold_0	720000	302	-0.556844
scaffold_0	730000	307	-0.822851
scaffold_0	740000	255	-0.50662
scaffold_0	750000	383	-0.651891
scaffold_0	760000	274	-0.822892
scaffold_0	770000	225	-0.491146
scaffold_0	780000	308	-1.12636
scaffold_0	790000	244	-0.663219
scaffold_0	800000	183	-0.894039
scaffold_0	810000	361	-0.507598
scaffold_0	820000	308	-0.787428
scaffold_0	830000	340	-0.659056
scaffold_0	840000	164	-0.312651
scaffold_0	850000	300	-0.617326
scaffold_0	860000	98	-0.590598
scaffold_0	870000	309	-0.767497
scaffold_0	880000	287	-0.784475
scaffold_0	890000	367	-0.744927
scaffold_0	900000	314	-0.878045
scaffold_0	910000	318	-0.826135
scaffold_0	920000	243	-0.717749
scaffold_0	930000	281	-0.897957
scaffold_0	940000	302	-0.689062
scaffold_0	950000	250	-0.881637
scaffold_0	960000	295	-0.66873
scaffold_0	970000	111	-0.68468
scaffold_0	980000	155	-0.639296
scaffold_0	990000	270	-0.750494
scaffold_0	1000000	306	-0.60573
scaffold_0	1010000	362	-0.858146
scaffold_0	1020000	159	-0.358758
scaffold_0	1030000	242	-0.354868
scaffold_0	1040000	243	-0.646667
scaffold_0	1050000	230	-0.980849
scaffold_0	1060000	319	-0.792904
scaffold_0	1070000	325	-0.440053
scaffold_0	1080000	283	-0.428304
scaffold_0	1090000	279	-0.900065
scaffold_0	1100000	173	-0.680758
scaffold_0	1110000	209	-0.463175
scaffold_0	1120000	220	-0.652698
scaffold_0	1130000	171	-0.606553
scaffold_0	1140000	318	-0.848881
scaffold_0	1150000	327	-0.725743
scaffold_0	1160000	261	-0.770019
scaffold_0	1170000	228	-0.911174
scaffold_0	1180000	296	-0.719487
scaffold_0	1190000	307	-0.400879
scaffold_0	1200000	402	-0.590048
scaffold_0	1210000	302	-0.679692
scaffold_0	1220000	348	-0.719231
scaffold_0	1230000	284	-0.837299
scaffold_0	1240000	300	-0.681253
scaffold_0	1250000	201	-0.687076
scaffold_0	1260000	398	-0.483159
scaffold_0	1270000	393	-0.777174
scaffold_0	1280000	347	-0.681488
scaffold_0	1290000	348	-0.350389
scaffold_0	1300000	261	-0.207874
scaffold_0	1310000	306	-0.252259
scaffold_0	1320000	201	-0.265728
scaffold_0	1330000	76	-0.105774
scaffold_0	1340000	242	-0.203037
scaffold_0	1350000	102	-0.523851
scaffold_0	1360000	172	-0.307799
scaffold_0	1370000	243	0.00598787
scaffold_0	1380000	143	-0.156788
scaffold_0	1390000	305	-0.220189
scaffold_0	1400000	234	-0.216304
scaffold_0	1410000	194	-0.25367
scaffold_0	1420000	338	-0.302016
scaffold_0	1430000	249	-0.265918
scaffold_0	1440000	279	-0.460742
scaffold_0	1450000	292	-0.499312
scaffold_0	1460000	213	-0.123987
scaffold_0	1470000	242	-0.279601
scaffold_0	1480000	21	0.0558362
scaffold_0	1490000	146	-0.0522871
scaffold_0	1500000	135	0.186575
scaffold_0	1510000	240	0.1457
scaffold_0	1520000	168	-0.235587
scaffold_0	1530000	203	-0.256659
scaffold_0	1540000	193	-0.315243
scaffold_0	1550000	302	-0.134166
scaffold_0	1560000	265	-0.0667739
scaffold_0	1570000	272	0.040822
scaffold_0	1580000	307	0.116343
scaffold_0	1590000	228	-0.222731
scaffold_0	1600000	230	-0.313371
scaffold_0	1610000	292	-0.165578
scaffold_0	1620000	370	0.20791
scaffold_0	1630000	203	1.64558
scaffold_0	1640000	246	0.545046
scaffold_0	1650000	132	0.429242
scaffold_0	1660000	211	0.576471
scaffold_0	1670000	173	0.476517
scaffold_0	1680000	144	1.71264
scaffold_0	1690000	78	1.6757
scaffold_0	1700000	143	1.38307
scaffold_0	1710000	186	0.646073
scaffold_0	1720000	267	0.567078
scaffold_0	1730000	160	0.201373
scaffold_0	1740000	148	-0.0363947
scaffold_0	1750000	47	-0.160685
scaffold_0	1760000	302	-0.117508
scaffold_0	1770000	257	-0.118647
scaffold_0	1780000	137	-0.491203
scaffold_0	1790000	118	-0.378294
scaffold_0	1800000	314	-0.776897
scaffold_0	1810000	303	-0.720944
scaffold_0	1820000	339	-0.860582
scaffold_0	1830000	271	-0.77546
scaffold_0	1840000	327	-0.604552
scaffold_0	1850000	177	-0.785228
scaffold_0	1860000	323	-0.653264
scaffold_0	1870000	235	-0.726998
scaffold_0	1880000	370	-0.526053
scaffold_0	1890000	327	-0.744018
scaffold_0	1900000	311	-0.482323
scaffold_0	1910000	278	-0.860433
scaffold_0	1920000	171	-0.646858
scaffold_0	1930000	174	-0.730732
scaffold_0	1940000	293	-0.612317
scaffold_0	1950000	307	-0.481791
scaffold_0	1960000	328	-0.3629
scaffold_0	1970000	288	-0.622313
scaffold_0	1980000	382	-0.563043
scaffold_0	1990000	410	-0.842123
scaffold_0	2000000	197	-0.28919
scaffold_0	2010000	395	-0.470304
scaffold_0	2020000	138	-0.328866
scaffold_0	2030000	166	-0.0613939
scaffold_0	2040000	235	-0.287415
scaffold_0	2050000	127	-0.236565
scaffold_0	2060000	211	-0.213169
scaffold_0	2070000	204	-0.444411
scaffold_0	2080000	142	-0.451026
scaffold_0	2090000	188	-0.626186
scaffold_0	2100000	379	-0.550278
scaffold_0	2110000	360	-0.705736
scaffold_0	2120000	438	-0.95624
scaffold_0	2130000	406	-0.502557
scaffold_0	2140000	349	-0.718897
scaffold_0	2150000	329	-0.750808
scaffold_0	2160000	308	-0.338235
scaffold_0	2170000	309	-0.134547
scaffold_0	2180000	258	-0.540603
scaffold_0	2190000	96	-0.175295
scaffold_0	2200000	157	-0.281905
scaffold_0	2210000	384	-0.641927
scaffold_0	2220000	253	-0.469861
scaffold_0	2230000	156	-0.671168
scaffold_0	2240000	14	-0.960349
scaffold_0	2250000	342	-0.536389
scaffold_0	2260000	210	-0.511645
scaffold_0	2270000	200	-0.552623
scaffold_0	2280000	242	-0.642956
scaffold_0	2290000	254	-0.675677
scaffold_0	2300000	247	-0.782012
scaffold_0	2310000	148	-0.410591
scaffold_0	2320000	41	-0.478141
scaffold_0	2330000	143	-0.23553
scaffold_0	2340000	131	-0.218988
scaffold_0	2350000	20	-0.149788
scaffold_0	2360000	255	-0.557128
scaffold_0	2370000	192	-0.682853
scaffold_0	2380000	271	-0.874022
scaffold_0	2390000	68	-0.189622
scaffold_0	2400000	191	-0.435382
scaffold_0	2410000	235	-0.550631
scaffold_0	2420000	248	-0.54826
scaffold_0	2430000	266	-0.700735
scaffold_0	2440000	375	-0.743575
scaffold_0	2450000	252	-0.739826
scaffold_0	2460000	299	-0.591089
scaffold_0	2470000	262	-0.653064
scaffold_0	2480000	300	-0.972594
scaffold_0	2490000	204	-0.942644
scaffold_0	2500000	297	-0.526443
scaffold_0	2510000	86	-0.740769
scaffold_0	2520000	211	-0.738109
scaffold_0	2530000	302	-0.807745
scaffold_0	2540000	136	-1.28575
scaffold_0	2550000	171	-0.723806
scaffold_0	2560000	260	-0.606326
scaffold_0	2570000	242	-0.388608
scaffold_0	2580000	200	-0.331494
scaffold_0	2590000	228	-0.92632
scaffold_0	2600000	286	-0.313623
scaffold_0	2610000	220	0.557088
scaffold_0	2620000	319	-0.144217
scaffold_0	2630000	212	-0.265316
scaffold_0	2640000	207	-0.143559
scaffold_0	2650000	284	-0.4267
scaffold_0	2660000	254	-0.544583
scaffold_0	2670000	179	0.347844
scaffold_0	2680000	270	-0.348975
scaffold_0	2690000	164	-1.18534
scaffold_0	2700000	150	-0.613397
scaffold_0	2710000	264	-0.570562
scaffold_0	2720000	222	-0.653661
scaffold_0	2730000	97	-0.375428
scaffold_0	2740000	51	-0.634409
scaffold_0	2750000	258	-0.572263
scaffold_0	2760000	103	-0.31585800000000003
scaffold_0	2770000	290	-0.448744
scaffold_0	2780000	84	-0.588683
scaffold_0	2790000	59	-0.583075
scaffold_0	2800000	85	-0.497453
scaffold_0	2810000	151	-0.207116
scaffold_0	2820000	233	-1.05686
scaffold_0	2830000	131	-0.304867
scaffold_0	2840000	204	-0.914964
scaffold_0	2850000	204	-0.501308
scaffold_0	2860000	291	-0.565935
scaffold_0	2870000	136	-0.692682
scaffold_0	2880000	172	-0.397054
scaffold_0	2890000	158	-0.630675
scaffold_0	2900000	109	-0.397225
scaffold_0	2910000	120	-0.704591
scaffold_0	2920000	302	-0.804621
scaffold_0	2930000	245	-0.448895
scaffold_0	2940000	302	-0.773389
scaffold_0	2950000	192	-0.276196
scaffold_0	2960000	221	-1.12114
scaffold_0	2970000	172	-1.19488
scaffold_0	2980000	315	-0.434924
scaffold_0	2990000	174	-0.14909
scaffold_0	3000000	225	-0.546952
scaffold_0	3010000	128	-0.454185
scaffold_0	3020000	391	-0.755526
scaffold_0	3030000	261	-0.643627
scaffold_0	3040000	96	-0.317973
scaffold_0	3050000	259	-0.643944
scaffold_0	3060000	184	-0.285975
scaffold_0	3070000	254	-0.419674
scaffold_0	3080000	312	-0.868718
scaffold_0	3090000	240	-0.730959
scaffold_0	3100000	265	-0.447372
scaffold_0	3110000	230	-0.987674
scaffold_0	3120000	293	-0.494298
scaffold_0	3130000	276	-0.381782
scaffold_0	3140000	208	-0.562064
scaffold_0	3150000	58	-0.524264
scaffold_0	3160000	167	-0.687303
scaffold_0	3170000	338	-0.323421
scaffold_0	3180000	285	-0.516646
scaffold_0	3190000	203	-0.809869
scaffold_0	3200000	219	-0.605634
scaffold_0	3210000	201	-0.800996
scaffold_0	3220000	353	-0.827208
scaffold_0	3230000	371	-0.639068
scaffold_0	3240000	215	-0.509362
scaffold_0	3250000	210	-0.626692
scaffold_0	3260000	174	-0.422804
scaffold_0	3270000	243	-0.433424
scaffold_0	3280000	330	-0.439642
scaffold_0	3290000	272	-0.405128
scaffold_0	3300000	235	-0.641487
scaffold_0	3310000	327	-0.67188
scaffold_0	3320000	310	-0.586415
scaffold_0	3330000	322	-0.356504
scaffold_0	3340000	256	-0.940164
scaffold_0	3350000	85	-1.49541
scaffold_0	3360000	69	-0.680005
scaffold_0	3370000	92	-0.407244
scaffold_0	3380000	346	-0.375306
scaffold_0	3390000	271	-0.864745
scaffold_0	3400000	63	-0.667636
scaffold_0	3410000	73	-0.51451
scaffold_0	3420000	163	-0.752771
scaffold_0	3430000	157	-0.652788
scaffold_0	3440000	147	-0.347577
scaffold_0	3450000	228	-0.283314
scaffold_0	3460000	202	-0.981706
scaffold_0	3470000	136	-0.527173
scaffold_0	3480000	151	-0.520062
scaffold_0	3490000	142	-0.475254
scaffold_0	3500000	119	-0.902185
scaffold_0	3510000	14	0.00625143
scaffold_0	3520000	216	-0.796007
scaffold_0	3530000	329	-0.803389
scaffold_0	3540000	414	-0.695338
scaffold_0	3550000	388	-0.777797
scaffold_0	3560000	335	-0.665532
scaffold_0	3570000	244	-0.499755
scaffold_0	3580000	149	-0.346764
scaffold_0	3590000	137	0.592804
scaffold_0	3600000	184	-0.231459
scaffold_0	3610000	59	-0.436658
scaffold_0	3620000	194	-0.555946
scaffold_0	3630000	99	0.151693
scaffold_0	3640000	270	-0.439753
scaffold_0	3650000	194	-0.756386
scaffold_0	3660000	0	0
scaffold_0	3670000	122	-0.574958
scaffold_0	3680000	256	-0.757324
scaffold_0	3690000	198	-0.577469
scaffold_0	3700000	222	-0.721527
scaffold_0	3710000	199	-0.832925
scaffold_0	3720000	193	-1.01064
scaffold_0	3730000	235	-0.907374
scaffold_0	3740000	206	-0.992665
scaffold_0	3750000	254	-0.716489
scaffold_0	3760000	169	-0.842007
scaffold_0	3770000	218	-0.846069
scaffold_0	3780000	275	-1.09864
scaffold_0	3790000	185	-1.01122
scaffold_0	3800000	205	-1.04506
scaffold_0	3810000	319	-0.824451
scaffold_0	3820000	227	-0.73413
scaffold_0	3830000	281	-0.857691
scaffold_0	3840000	150	-0.688499
scaffold_0	3850000	193	-0.841666
scaffold_0	3860000	254	-0.94652
scaffold_0	3870000	256	-0.670198
scaffold_0	3880000	326	-0.773394
scaffold_0	3890000	322	-0.69542
scaffold_0	3900000	428	-0.971102
scaffold_0	3910000	400	-0.668679
scaffold_0	3920000	497	-0.713443
scaffold_0	3930000	415	-0.670841
scaffold_0	3940000	276	-0.902146
scaffold_0	3950000	389	-0.640611
scaffold_0	3960000	194	-0.665865
scaffold_0	3970000	377	-0.85385
scaffold_0	3980000	225	-0.42139
scaffold_0	3990000	153	-0.688871
scaffold_0	4000000	242	-0.928449
scaffold_0	4010000	347	-0.880038
scaffold_0	4020000	221	-0.598504
scaffold_0	4030000	102	-0.398615
scaffold_0	4040000	150	-1.09322
scaffold_0	4050000	171	-0.650522
scaffold_0	4060000	57	-0.463439
scaffold_0	4070000	237	-0.820021
scaffold_0	4080000	173	-0.651781
scaffold_0	4090000	324	-0.650195
scaffold_0	4100000	250	-0.913047
scaffold_0	4110000	295	-0.915965
scaffold_0	4120000	208	-0.744579
scaffold_0	4130000	96	-0.512534
scaffold_0	4140000	274	-0.750636
scaffold_0	4150000	109	-0.877851
scaffold_0	4160000	118	-0.928504
scaffold_0	4170000	203	-0.67543
scaffold_0	4180000	181	-0.618443
scaffold_0	4190000	200	-0.751797
scaffold_0	4200000	191	-0.955786
scaffold_0	4210000	165	-0.954064
scaffold_0	4220000	85	-0.749683
scaffold_0	4230000	149	-1.00408
scaffold_0	4240000	120	-0.199868
scaffold_0	4250000	299	-0.972775
scaffold_0	4260000	249	-0.976098
scaffold_0	4270000	269	-0.890049
scaffold_0	4280000	254	-0.855002
scaffold_0	4290000	187	-0.309453
scaffold_0	4300000	247	0.798557
scaffold_0	4310000	224	0.467849
scaffold_0	4320000	127	0.666195
scaffold_0	4330000	182	1.07457
scaffold_0	4340000	150	0.44221
scaffold_0	4350000	139	0.555534
scaffold_0	4360000	76	0.747065
scaffold_0	4370000	134	0.864213
scaffold_0	4380000	79	0.531728
scaffold_0	4390000	134	0.73125
scaffold_0	4400000	72	1.43592
scaffold_0	4410000	80	0.447956
scaffold_0	4420000	74	-1.89798
scaffold_0	4430000	169	0.570423
scaffold_0	4440000	110	1.14611
scaffold_0	4450000	100	-0.285581
scaffold_0	4460000	65	1.03719
scaffold_0	4470000	115	0.767112
scaffold_0	4480000	59	1.50858
scaffold_0	4490000	43	0.604736
scaffold_0	4500000	65	0.490186
scaffold_0	4510000	170	0.580166
scaffold_0	4520000	153	0.681713
scaffold_0	4530000	241	0.736805
scaffold_0	4540000	141	0.486041
scaffold_0	4550000	232	0.700475
scaffold_0	4560000	74	0.447751
scaffold_0	4570000	74	0.481262
scaffold_0	4580000	28	-0.00421375
scaffold_0	4590000	101	0.837117
scaffold_0	4600000	151	0.673693
scaffold_0	4610000	116	1.07828
scaffold_0	4620000	164	0.0673617
scaffold_0	4630000	252	-0.384577
scaffold_0	4640000	122	-0.219188
scaffold_0	4650000	99	0.0573193
scaffold_0	4660000	106	-0.353267
scaffold_0	4670000	140	-0.270189
scaffold_0	4680000	244	-0.189559
scaffold_0	4690000	277	-0.607218
scaffold_0	4700000	275	-0.902088
scaffold_0	4710000	334	-0.820169
scaffold_0	4720000	215	-0.535635
scaffold_0	4730000	280	-0.778903
scaffold_0	4740000	192	-1.00785
scaffold_0	4750000	278	-0.924871
scaffold_0	4760000	172	-0.611993
scaffold_0	4770000	115	-0.80124
scaffold_0	4780000	217	-0.672191
scaffold_0	4790000	273	-0.693621
scaffold_0	4800000	274	-0.743754
scaffold_0	4810000	258	-0.754911
scaffold_0	4820000	256	-0.698422
scaffold_0	4830000	192	-0.71715
scaffold_0	4840000	224	-0.84799
scaffold_0	4850000	163	-0.574097
scaffold_0	4860000	162	-0.664775
scaffold_0	4870000	73	-0.624883
scaffold_0	4880000	199	-0.571289
scaffold_0	4890000	95	-0.708182
scaffold_0	4900000	67	-0.9778
scaffold_0	4910000	28	-0.552346
scaffold_0	4920000	113	-0.619741
scaffold_0	4930000	188	-0.908019
scaffold_0	4940000	77	-0.575386
scaffold_0	4950000	49	-0.974104
scaffold_0	4960000	6	-1.49289
scaffold_0	4970000	56	-0.664614
scaffold_0	4980000	109	-0.920764
scaffold_0	4990000	166	-0.544414
scaffold_0	5000000	100	-0.450664
scaffold_0	5010000	124	-0.983421
scaffold_0	5020000	103	-0.736372
scaffold_0	5030000	197	-0.67764
scaffold_0	5040000	170	-0.877464
scaffold_0	5050000	70	-0.670069
scaffold_0	5060000	105	-0.772441
scaffold_0	5070000	162	-0.504337
scaffold_0	5080000	129	-0.799261
scaffold_0	5090000	143	-1.06452
scaffold_0	5100000	150	-0.95553
scaffold_0	5110000	225	-0.789704
scaffold_0	5120000	130	-0.917946
scaffold_0	5130000	127	-0.829387
scaffold_0	5140000	91	-0.712766
scaffold_0	5150000	105	-0.808062
scaffold_0	5160000	98	-0.832084
scaffold_0	5170000	104	-0.597257
scaffold_0	5180000	88	-0.546897
scaffold_0	5190000	47	-0.898118
scaffold_0	5200000	143	-0.644556
scaffold_0	5210000	71	-0.895976
scaffold_0	5220000	87	-0.696329
scaffold_0	5230000	118	-0.957602
scaffold_0	5240000	175	-1.21345
scaffold_0	5250000	167	-1.16746
scaffold_0	5260000	58	-0.970908
scaffold_0	5270000	179	-0.860238
scaffold_0	5280000	51	-0.773045
scaffold_0	5290000	106	-1.11787
scaffold_0	5300000	66	-0.983372
scaffold_0	5310000	53	-0.865462
scaffold_0	5320000	96	-1.21944
scaffold_0	5330000	108	-0.698487
scaffold_0	5340000	34	-1.21219
scaffold_0	5350000	92	-0.975345
scaffold_0	5360000	110	-1.14756
scaffold_0	5370000	99	-0.854962
scaffold_0	5380000	154	-1.14156
scaffold_0	5390000	181	-1.19335
scaffold_0	5400000	40	-0.772714
scaffold_0	5410000	48	-0.981637
scaffold_0	5420000	125	-0.852969
scaffold_0	5430000	140	-0.768305
scaffold_0	5440000	90	-1.05953
scaffold_0	5450000	186	-1.0832
scaffold_0	5460000	69	-0.680005
scaffold_0	5470000	152	-0.815033
scaffold_0	5480000	56	-1.11582
scaffold_0	5490000	87	-0.964289
scaffold_0	5500000	138	-1.02898
scaffold_0	5510000	100	-0.942799
scaffold_0	5520000	31	-1.23951
scaffold_0	5530000	75	-0.566414
scaffold_0	5540000	123	-0.97379
scaffold_0	5550000	137	-0.224195
scaffold_0	5560000	153	0.0618819
scaffold_0	5570000	176	0.0932826
scaffold_0	5580000	167	-0.0571034
scaffold_0	5590000	97	0.324294
scaffold_0	5600000	289	0.394739
scaffold_0	5610000	73	1.42975
scaffold_0	5620000	124	0.253252
scaffold_0	5630000	98	0.35628
scaffold_0	5640000	88	0.357511
scaffold_0	5650000	205	0.561766
scaffold_0	5660000	114	0.466968
scaffold_0	5670000	114	1.07183
scaffold_0	5680000	213	0.926412
scaffold_0	5690000	240	1.13881
scaffold_0	5700000	63	1.1911
scaffold_0	5710000	143	0.691885
scaffold_0	5720000	121	0.978672
scaffold_0	5730000	135	1.38373
scaffold_0	5740000	97	1.19092
scaffold_0	5750000	114	1.17036
scaffold_0	5760000	85	1.33396
scaffold_0	5770000	136	0.976194
scaffold_0	5780000	108	0.358161
scaffold_0	5790000	69	0.742156
scaffold_0	5800000	138	-0.195187
scaffold_0	5810000	252	0.646268
scaffold_0	5820000	300	0.730387
scaffold_0	5830000	161	0.663197
scaffold_0	5840000	118	0.312113
scaffold_0	5850000	277	0.758795
scaffold_0	5860000	175	0.818814
scaffold_0	5870000	182	0.413246
scaffold_0	5880000	245	0.497145
scaffold_0	5890000	153	0.43419
scaffold_0	5900000	103	0.552396
scaffold_0	5910000	105	1.01751
scaffold_0	5920000	40	1.28736
scaffold_0	5930000	163	0.399965
scaffold_0	5940000	7	1.0899
scaffold_0	5950000	93	1.09962
scaffold_0	5960000	83	1.09169
scaffold_0	5970000	86	1.0191
scaffold_0	5980000	147	0.418628
scaffold_0	5990000	96	0.577008
scaffold_0	6000000	38	-0.0678329
scaffold_0	6010000	115	0.560892
scaffold_0	6020000	91	1.06467
scaffold_0	6030000	72	1.62955
scaffold_0	6040000	86	0.932368
scaffold_0	6050000	199	0.929178
scaffold_0	6060000	113	1.07818
scaffold_0	6070000	89	1.23082
scaffold_0	6080000	105	1.42715
scaffold_0	6090000	78	1.32168
scaffold_0	6100000	25	0.698263
scaffold_0	6110000	58	0.400928
scaffold_0	6120000	134	0.971516
scaffold_0	6130000	96	1.2677
scaffold_1	0	121	-0.809552
scaffold_1	10000	197	-1.01515
scaffold_1	20000	114	-0.94802
scaffold_1	30000	149	-0.821375
scaffold_1	40000	147	-1.0627
scaffold_1	50000	121	-0.938572
scaffold_1	60000	63	-0.804957
scaffold_1	70000	124	-1.15469
scaffold_1	80000	126	-0.674983
scaffold_1	90000	51	-1.1347
scaffold_1	100000	132	-0.887171
scaffold_1	110000	97	-0.728498
scaffold_1	120000	121	-0.977279
scaffold_1	130000	183	-0.738169
scaffold_1	140000	60	-0.820009
scaffold_1	150000	58	-1.0613
scaffold_1	160000	181	-0.911091
scaffold_1	170000	261	-1.20457
scaffold_1	180000	273	-0.977943
scaffold_1	190000	279	-0.947377
scaffold_1	200000	228	-0.843706
scaffold_1	210000	233	-0.990828
scaffold_1	220000	273	-0.875495
scaffold_1	230000	162	-1.0707
scaffold_1	240000	226	-1.11252
scaffold_1	250000	216	-1.3699
scaffold_1	260000	157	-1.42247
scaffold_1	270000	214	-1.53099
scaffold_1	280000	162	-1.51335
scaffold_1	290000	202	-1.38079
scaffold_1	300000	169	-1.42403
scaffold_1	310000	166	-1.10102
scaffold_1	320000	181	0.115775
scaffold_1	330000	158	-0.0956736
scaffold_1	340000	157	-0.0386374
scaffold_1	350000	178	-0.20145
scaffold_1	360000	208	-0.251337
scaffold_1	370000	203	-0.0650446
scaffold_1	380000	206	-0.112412
scaffold_1	390000	193	-0.216132
scaffold_1	400000	146	-0.105857
scaffold_1	410000	158	-0.200692
scaffold_1	420000	213	-0.306665
scaffold_1	430000	172	-0.278655
scaffold_1	440000	194	-0.103341
scaffold_1	450000	110	0.0687405
scaffold_1	460000	155	-0.22732
scaffold_1	470000	125	-0.343223
scaffold_1	480000	38	-0.324391
scaffold_1	490000	162	0.00790357
scaffold_1	500000	164	-0.310741
scaffold_1	510000	135	-0.362217
scaffold_1	520000	125	-0.273258
scaffold_1	530000	171	-0.1467
scaffold_1	540000	185	-0.0233314
scaffold_1	550000	105	-0.0481483
scaffold_1	560000	153	0.0577906
scaffold_1	570000	10	0.0816831
scaffold_1	580000	168	-0.215077
scaffold_1	590000	186	-0.34497
scaffold_1	600000	131	-0.135495
scaffold_1	610000	251	-0.145943
scaffold_1	620000	216	-0.182891
scaffold_1	630000	156	-0.133383
scaffold_1	640000	167	-0.59915
scaffold_1	650000	134	-0.0431992
scaffold_1	660000	262	-0.0918529
scaffold_1	670000	246	-0.153317
scaffold_1	680000	206	-0.0575865
scaffold_1	690000	157	-0.523178
scaffold_1	700000	77	-0.349789
scaffold_1	710000	158	-0.0619883
scaffold_1	720000	232	-0.0681942
scaffold_1	730000	146	-0.133713
scaffold_1	740000	158	-0.279952
scaffold_1	750000	179	-0.180911
scaffold_1	760000	186	-0.024735300000000002
scaffold_1	770000	205	-0.330403
scaffold_1	780000	153	-0.157002
scaffold_1	790000	209	-0.237993
scaffold_1	800000	175	0.0238135
scaffold_1	810000	138	0.0472486
scaffold_1	820000	101	0.0536901
scaffold_1	830000	87	-0.221145
scaffold_1	840000	267	-0.272003
scaffold_1	850000	242	-0.123878
scaffold_1	860000	193	-0.209633
scaffold_1	870000	162	-0.121606
scaffold_1	880000	155	-0.0758585
scaffold_1	890000	157	-0.100451
scaffold_1	900000	169	-0.523191
scaffold_1	910000	153	0.0680189
scaffold_1	920000	181	-0.270382
scaffold_1	930000	104	-0.312583
scaffold_1	940000	113	-0.238744
scaffold_1	950000	48	-0.502101
scaffold_1	960000	48	0.105311
scaffold_1	970000	129	0.101765
scaffold_1	980000	247	0.0864745
scaffold_1	990000	112	-0.235539
scaffold_1	1000000	107	-0.562433
scaffold_1	1010000	131	-0.209446
scaffold_1	1020000	166	-0.225545
scaffold_1	1030000	93	-0.121577
scaffold_1	1040000	122	-0.339484
scaffold_1	1050000	143	-0.386454
scaffold_1	1060000	205	0.0414619
scaffold_1	1070000	173	-0.233423
scaffold_1	1080000	131	-0.450385
scaffold_1	1090000	175	-0.341457
scaffold_1	1100000	104	-0.246658
scaffold_1	1110000	129	-0.336637
scaffold_1	1120000	172	-0.100147
scaffold_1	1130000	119	-0.248991
scaffold_1	1140000	86	0.155425
scaffold_1	1150000	218	-0.417057
scaffold_1	1160000	185	-0.263949
scaffold_1	1170000	145	-0.00322448
scaffold_1	1180000	7	-0.50775
scaffold_1	1190000	56	-0.350972
scaffold_1	1200000	209	-0.250003
scaffold_1	1210000	352	-0.272799
scaffold_1	1220000	227	0.327948
scaffold_1	1230000	199	0.00399546
scaffold_1	1240000	139	-0.0743574
scaffold_1	1250000	110	0.0290479
scaffold_1	1260000	151	-0.076549
scaffold_1	1270000	233	0.331088
scaffold_1	1280000	220	0.223255
scaffold_1	1290000	241	0.145221
scaffold_1	1300000	199	0.516235
scaffold_1	1310000	203	-0.023322
scaffold_1	1320000	241	0.306799
scaffold_1	1330000	147	0.307954
scaffold_1	1340000	252	0.282294
scaffold_1	1350000	279	0.31427
scaffold_1	1360000	180	0.191122
scaffold_1	1370000	190	0.0985132
scaffold_1	1380000	81	0.274227
scaffold_1	1390000	257	0.102602
scaffold_1	1400000	236	0.436376
scaffold_1	1410000	136	0.190029
scaffold_1	1420000	179	0.200773
scaffold_1	1430000	115	0.0344907
scaffold_1	1440000	298	0.207575
scaffold_1	1450000	161	-0.0972527
scaffold_1	1460000	182	0.323691
scaffold_1	1470000	113	0.581227
scaffold_1	1480000	260	0.235889
scaffold_1	1490000	170	0.213455
scaffold_1	1500000	347	0.407362
scaffold_1	1510000	246	0.133944
scaffold_1	1520000	130	0.0940039
scaffold_1	1530000	136	0.118769
scaffold_1	1540000	142	0.326476
scaffold_1	1550000	132	0.410301
scaffold_1	1560000	177	0.0167945
scaffold_1	1570000	81	-0.0362429
scaffold_1	1580000	159	0.293025
scaffold_1	1590000	128	0.229248
scaffold_1	1600000	154	0.0637055
scaffold_1	1610000	101	0.217161
scaffold_1	1620000	221	0.0519575
scaffold_1	1630000	159	0.131557
scaffold_1	1640000	185	-0.118223
scaffold_1	1650000	182	0.387413
scaffold_1	1660000	205	-0.0166898
scaffold_1	1670000	273	0.477047
scaffold_1	1680000	118	0.576637
scaffold_1	1690000	225	0.101784
scaffold_1	1700000	270	0.218971
scaffold_1	1710000	349	0.0572473
scaffold_1	1720000	342	0.163594
scaffold_1	1730000	152	0.280346
scaffold_1	1740000	176	0.0185038
scaffold_1	1750000	211	0.265671
scaffold_1	1760000	148	0.272264
scaffold_1	1770000	126	0.4208
scaffold_1	1780000	142	0.566554
scaffold_1	1790000	206	-0.0225592
scaffold_1	1800000	207	0.241408
scaffold_1	1810000	185	0.213897
scaffold_1	1820000	94	0.287217
scaffold_1	1830000	94	-0.0372277
scaffold_1	1840000	240	0.334117
scaffold_1	1850000	137	0.0884555
scaffold_1	1860000	107	0.192202
scaffold_1	1870000	126	0.18776
scaffold_1	1880000	109	0.0347662
scaffold_1	1890000	142	0.269209
scaffold_1	1900000	66	0.642674
scaffold_1	1910000	145	-0.00753933
scaffold_1	1920000	75	0.235577
scaffold_1	1930000	211	0.0916825
scaffold_1	1940000	151	0.174222
scaffold_1	1950000	191	0.0160715
scaffold_1	1960000	64	0.43928
scaffold_1	1970000	113	0.109122
scaffold_1	1980000	178	0.339055
scaffold_1	1990000	261	0.105098
scaffold_1	2000000	111	0.0290512
scaffold_1	2010000	179	0.363601
scaffold_1	2020000	140	0.460232
scaffold_1	2030000	211	0.320693
scaffold_1	2040000	133	0.311116
scaffold_1	2050000	126	0.133219
scaffold_1	2060000	92	0.27583
scaffold_1	2070000	84	0.36918
scaffold_1	2080000	244	-0.0209462
scaffold_1	2090000	139	0.218092
scaffold_1	2100000	129	0.196228
scaffold_1	2110000	127	0.764589
scaffold_1	2120000	106	0.96126
scaffold_1	2130000	74	0.971352
scaffold_1	2140000	66	0.839486
scaffold_1	2150000	103	0.957783
scaffold_1	2160000	144	1.00013
scaffold_1	2170000	156	0.936168
scaffold_1	2180000	126	0.961253
scaffold_1	2190000	155	0.737996
scaffold_1	2200000	107	0.990542
scaffold_1	2210000	50	1.01795
scaffold_1	2220000	31	0.408456
scaffold_1	2230000	101	0.732249
scaffold_1	2240000	154	1.04133
scaffold_1	2250000	109	0.878722
scaffold_1	2260000	87	1.01862
scaffold_1	2270000	84	0.56519
scaffold_1	2280000	67	0.693735
scaffold_1	2290000	102	0.87207
scaffold_1	2300000	97	0.927724
scaffold_1	2310000	91	0.907435
scaffold_1	2320000	133	0.536719
scaffold_1	2330000	112	1.14592
scaffold_1	2340000	95	0.726847
scaffold_1	2350000	138	0.908233
scaffold_1	2360000	82	0.786323
scaffold_1	2370000	39	0.974486
scaffold_1	2380000	41	1.10123
scaffold_1	2390000	112	1.00387
scaffold_1	2400000	138	0.647672
scaffold_1	2410000	135	0.702949
scaffold_1	2420000	131	0.713754
scaffold_1	2430000	235	0.621146
scaffold_1	2440000	181	0.723583
scaffold_1	2450000	323	0.727429
scaffold_1	2460000	338	0.777549
scaffold_1	2470000	295	0.721964
scaffold_1	2480000	348	0.237228
scaffold_1	2490000	300	0.190673
scaffold_1	2500000	361	0.0859603
scaffold_1	2510000	216	0.0306825
scaffold_1	2520000	133	-0.010839
scaffold_1	2530000	178	0.342576
scaffold_1	2540000	165	6.98921e-4
scaffold_1	2550000	106	-0.13859
scaffold_1	2560000	232	0.264715
scaffold_1	2570000	279	0.361581
scaffold_1	2580000	299	0.479315
scaffold_1	2590000	202	0.0758027
scaffold_1	2600000	134	0.17374
scaffold_1	2610000	265	0.422906
scaffold_1	2620000	165	0.211392
scaffold_1	2630000	232	0.132093
scaffold_1	2640000	202	0.11773
scaffold_1	2650000	171	0.00719469
scaffold_1	2660000	405	0.252386
scaffold_1	2670000	270	0.245739
scaffold_1	2680000	12	0.239408
scaffold_1	2690000	152	0.146512
scaffold_1	2700000	230	0.504257
scaffold_1	2710000	100	0.483768
scaffold_1	2720000	115	0.655862
scaffold_1	2730000	230	0.673515
scaffold_1	2740000	196	0.429228
scaffold_1	2750000	154	0.988486
scaffold_1	2760000	58	0.475369
scaffold_1	2770000	171	0.681401
scaffold_1	2780000	192	0.739632
scaffold_1	2790000	177	0.824128
scaffold_1	2800000	83	0.182357
scaffold_1	2810000	126	1.00836
scaffold_1	2820000	202	0.811866
scaffold_1	2830000	132	0.952492
scaffold_1	2840000	130	0.269473
scaffold_1	2850000	25	0.37504
scaffold_1	2860000	104	0.379626
scaffold_1	2870000	165	0.21329
scaffold_1	2880000	182	0.170415
scaffold_1	2890000	142	0.403565
scaffold_1	2900000	127	0.250483
scaffold_1	2910000	159	0.0291616
scaffold_1	2920000	75	0.128094
scaffold_1	2930000	50	0.0531971
scaffold_1	2940000	185	0.074949
scaffold_1	2950000	87	1.19369
scaffold_1	2960000	107	1.61698
scaffold_1	2970000	254	0.249396
scaffold_1	2980000	254	0.144274
scaffold_1	2990000	193	-0.0406578
scaffold_1	3000000	194	0.604664
scaffold_1	3010000	181	0.84653
scaffold_1	3020000	195	0.916946
scaffold_1	3030000	198	0.684998
scaffold_1	3040000	262	0.752362
scaffold_1	3050000	300	0.777547
scaffold_1	3060000	242	0.552222
scaffold_1	3070000	82	0.926443
scaffold_1	3080000	151	0.810477
scaffold_1	3090000	128	1.14456
scaffold_1	3100000	176	0.83573
scaffold_1	3110000	297	0.750136
scaffold_1	3120000	127	1.34265
scaffold_1	3130000	134	1.52203
scaffold_1	3140000	141	1.56622
scaffold_1	3150000	67	1.36789
scaffold_1	3160000	64	1.52588
scaffold_1	3170000	77	1.85381
scaffold_1	3180000	108	1.62267
scaffold_1	3190000	131	1.35069
scaffold_1	3200000	54	1.45967
scaffold_1	3210000	127	1.34019
scaffold_1	3220000	81	1.00249
scaffold_1	3230000	97	1.51511
scaffold_1	3240000	96	1.43308
scaffold_1	3250000	145	1.45951
scaffold_1	3260000	83	1.29003
scaffold_1	3270000	41	1.28003
scaffold_1	3280000	62	1.598
scaffold_1	3290000	90	1.70491
scaffold_1	3300000	41	1.01183
scaffold_1	3310000	98	0.867848
scaffold_1	3320000	185	0.793412
scaffold_1	3330000	276	0.936777
scaffold_1	3340000	104	0.613359
scaffold_1	3350000	111	0.897331
scaffold_1	3360000	189	0.72262
scaffold_1	3370000	95	0.877557
scaffold_1	3380000	118	0.764449
scaffold_1	3390000	136	0.355537
scaffold_1	3400000	71	0.277504
scaffold_1	3410000	216	0.366298
scaffold_1	3420000	172	0.313338
scaffold_1	3430000	109	0.466757
scaffold_1	3440000	133	0.550819
scaffold_1	3450000	97	-0.057664
scaffold_1	3460000	82	0.483363
scaffold_1	3470000	67	0.582915
scaffold_1	3480000	115	0.533758
scaffold_1	3490000	5	-0.0773538
scaffold_1	3500000	105	0.44164
scaffold_1	3510000	71	0.430187
scaffold_1	3520000	111	0.377487
scaffold_1	3530000	99	0.255505
scaffold_1	3540000	109	0.466757
scaffold_1	3550000	240	0.52515
scaffold_1	3560000	151	-0.132506
scaffold_1	3570000	138	-0.181592
scaffold_1	3580000	188	-0.422732
scaffold_1	3590000	157	-0.523178
scaffold_1	3600000	104	-0.561298
scaffold_1	3610000	220	-0.0292589
scaffold_1	3620000	396	-0.0016821
scaffold_1	3630000	264	0.139947
scaffold_1	3640000	85	-0.340266
scaffold_1	3650000	196	-0.270003
scaffold_1	3660000	156	0.173636
scaffold_1	3670000	223	0.0517566
scaffold_1	3680000	249	-0.254565
scaffold_1	3690000	265	-0.225653
scaffold_1	3700000	211	-0.0629739
scaffold_1	3710000	206	-0.254044
scaffold_1	3720000	153	-0.754331
scaffold_1	3730000	245	-0.196362
scaffold_1	3740000	274	-0.041839
scaffold_1	3750000	182	-0.130971
scaffold_1	3760000	108	0.366822
scaffold_1	3770000	109	-0.185521
scaffold_1	3780000	74	-0.0297723
scaffold_1	3790000	258	-0.057193
scaffold_1	3800000	209	-0.0368302
scaffold_1	3810000	75	-0.334912
scaffold_1	3820000	158	-0.375063
scaffold_1	3830000	128	-0.156404
scaffold_1	3840000	149	0.010244
scaffold_1	3850000	173	-0.378309
scaffold_1	3860000	186	-0.655093
scaffold_1	3870000	166	-0.108564
scaffold_1	3880000	138	0.0109966
scaffold_1	3890000	158	-0.2106
scaffold_1	3900000	101	-0.359614
scaffold_1	3910000	264	-0.158777
scaffold_1	3920000	106	-0.182702
scaffold_1	3930000	183	0.0103538
scaffold_1	3940000	187	-0.07139
scaffold_1	3950000	124	0.024052
scaffold_1	3960000	92	-0.495164
scaffold_1	3970000	111	-0.0299581
scaffold_1	3980000	173	-0.155547
scaffold_1	3990000	202	-0.0888021
scaffold_1	4000000	192	-0.424813
scaffold_1	4010000	137	-0.35884
scaffold_1	4020000	180	-0.117068
scaffold_1	4030000	153	-0.54363
scaffold_1	4040000	131	-0.288169
scaffold_1	4050000	151	-0.354263
scaffold_1	4060000	133	0.0220614
scaffold_1	4070000	155	-0.178853
scaffold_1	4080000	126	0.0489277
scaffold_1	4090000	90	-0.520465
scaffold_1	4100000	213	-0.0768442
scaffold_1	4110000	136	0.0544043
scaffold_1	4120000	156	-0.181543
scaffold_1	4130000	208	-0.346365
scaffold_1	4140000	199	0.305035
scaffold_1	4150000	162	-0.272379
scaffold_1	4160000	26	-0.790949
scaffold_1	4170000	43	-1.20936
scaffold_1	4180000	91	-1.48185
scaffold_1	4190000	85	-1.3894
scaffold_1	4200000	16	-0.845948
scaffold_1	4210000	55	-0.637721
scaffold_1	4220000	28	-0.48786
scaffold_1	4230000	14	-0.507898
scaffold_1	4240000	42	-0.531944
scaffold_1	4250000	27	-0.873283
scaffold_1	4260000	32	-0.832579
scaffold_1	4270000	15	0.413052
scaffold_1	4280000	20	1.77111
scaffold_1	4290000	12	-0.730746
scaffold_1	4300000	5	-0.934433
scaffold_2	0	9	2.22784
scaffold_2	10000	107	0.332057
scaffold_2	20000	176	-0.127493
scaffold_2	30000	181	0.489811
scaffold_2	40000	139	1.14718
scaffold_2	50000	208	-0.186477
scaffold_2	60000	175	0.555604
scaffold_2	70000	99	0.604688
scaffold_2	80000	123	0.516561
scaffold_2	90000	70	0.780832
scaffold_2	100000	42	0.96007
scaffold_2	110000	74	0.753534
scaffold_2	120000	40	0.325993
scaffold_2	130000	81	1.15197
scaffold_2	140000	87	1.10079
scaffold_2	150000	70	0.984312
scaffold_2	160000	149	0.314751
scaffold_2	170000	131	0.482357
scaffold_2	180000	158	1.22598
scaffold_2	190000	156	1.13483
scaffold_2	200000	168	1.06585
scaffold_2	210000	163	1.1185
scaffold_2	220000	188	1.13485
scaffold_2	230000	208	0.991571
scaffold_2	240000	143	1.0331
scaffold_2	250000	174	1.15645
scaffold_2	260000	152	1.34278
scaffold_2	270000	117	1.26683
scaffold_2	280000	132	0.853051
scaffold_2	290000	140	1.43413
scaffold_2	300000	131	1.22903
scaffold_2	310000	200	1.21641
scaffold_2	320000	180	0.927646
scaffold_2	330000	127	1.31805
scaffold_2	340000	120	1.01251
scaffold_2	350000	172	-0.183936
scaffold_2	360000	196	-0.154798
scaffold_2	370000	103	-0.470147
scaffold_2	380000	165	-0.0182824
scaffold_2	390000	98	-0.260144
scaffold_2	400000	112	-0.138057
scaffold_2	410000	202	-0.195951
scaffold_2	420000	177	-1.0207
scaffold_2	430000	51	-2.0268
scaffold_2	440000	30	-2.08495
scaffold_2	450000	65	-2.13545
scaffold_2	460000	112	-2.15453
scaffold_2	470000	78	-2.14297
scaffold_2	480000	61	-2.05153
scaffold_2	490000	85	-2.09491
scaffold_2	500000	97	-2.12794
scaffold_2	510000	120	-2.15632
scaffold_2	520000	65	-2.13545
scaffold_2	530000	63	-2.13403
scaffold_2	540000	81	-2.14437
scaffold_2	550000	91	-2.12446
scaffold_2	560000	74	-2.14093
scaffold_2	570000	61	-2.13251
scaffold_2	580000	70	-2.13866
scaffold_2	590000	109	-2.13377
scaffold_2	600000	117	-2.137
scaffold_2	610000	70	-2.13866
scaffold_2	620000	84	-2.0902
scaffold_2	630000	84	-2.14567
scaffold_2	640000	116	-2.13662
scaffold_2	650000	87	-2.14689
scaffold_2	660000	82	-2.14481
scaffold_2	670000	141	-2.16006
scaffold_2	680000	123	-2.15693
scaffold_2	690000	108	-2.15354
scaffold_2	700000	127	-2.1577
scaffold_2	710000	102	-2.15192
scaffold_2	720000	104	-2.15248
scaffold_2	730000	94	-2.14943
scaffold_2	740000	86	-2.14649
scaffold_2	750000	73	-2.08095
scaffold_2	760000	72	-2.13983
scaffold_2	770000	108	-2.09869
scaffold_2	780000	80	-2.11675
scaffold_2	790000	80	-2.14391
scaffold_2	800000	69	-2.13806
scaffold_2	810000	120	-2.11729
scaffold_2	820000	164	-2.16306
scaffold_2	830000	187	-2.14187
scaffold_2	840000	143	-2.16036
scaffold_2	850000	156	-2.16212
scaffold_2	860000	147	-2.16093
scaffold_2	870000	133	-2.15877
scaffold_2	880000	61	-2.13251
scaffold_2	890000	102	-2.15192
scaffold_2	900000	143	-0.974838
scaffold_2	910000	89	-0.0583825
scaffold_2	920000	166	0.0121913
scaffold_2	930000	173	-0.00160581
scaffold_2	940000	88	0.00422663
scaffold_2	950000	107	-0.0379763
scaffold_2	960000	44	-0.0201889
scaffold_2	970000	91	0.00504451
scaffold_2	980000	98	-0.0377233
scaffold_2	990000	146	-8.60241e-4
scaffold_2	1000000	138	0.0200596
scaffold_2	1010000	118	0.0105561
scaffold_2	1020000	176	-0.0562751
scaffold_2	1030000	222	-0.3313
scaffold_2	1040000	45	-0.482019
scaffold_2	1050000	82	-0.520192
scaffold_2	1060000	180	-0.44093
scaffold_2	1070000	133	-0.363344
scaffold_2	1080000	181	-0.116265
scaffold_2	1090000	190	-0.21503
scaffold_2	1100000	189	-0.0603778
scaffold_2	1110000	151	0.0104956
scaffold_2	1120000	159	-0.189412
scaffold_2	1130000	153	-0.230646
scaffold_2	1140000	165	-0.471937
scaffold_2	1150000	175	-0.12122
scaffold_2	1160000	217	-0.26146200000000003
scaffold_2	1170000	129	-0.356014
scaffold_2	1180000	263	-0.336294
scaffold_2	1190000	194	-0.219725
scaffold_2	1200000	65	0.152468
scaffold_2	1210000	197	-0.149094
scaffold_2	1220000	154	-0.0236913
scaffold_2	1230000	119	-0.385401
scaffold_2	1240000	147	-0.0432232
scaffold_2	1250000	178	-0.134547
scaffold_2	1260000	213	-0.00613007
scaffold_2	1270000	177	-0.247005
scaffold_2	1280000	201	-0.407738
scaffold_2	1290000	118	-0.105834
scaffold_2	1300000	115	-0.0848994
scaffold_2	1310000	176	-0.325123
scaffold_2	1320000	148	-0.0702203
scaffold_2	1330000	230	-0.208267
scaffold_2	1340000	186	-0.0803551
scaffold_2	1350000	141	0.0180388
scaffold_2	1360000	171	0.45239
scaffold_2	1370000	158	0.508679
scaffold_2	1380000	113	0.332751
scaffold_2	1390000	72	0.997018
scaffold_2	1400000	177	-0.935718
scaffold_2	1410000	220	-1.14061
scaffold_2	1420000	240	-0.946852
scaffold_2	1430000	180	-1.14437
scaffold_2	1440000	282	-1.04626
scaffold_2	1450000	240	-1.16144
scaffold_2	1460000	222	-0.895432
scaffold_2	1470000	235	-1.05435
scaffold_2	1480000	192	-1.1777
scaffold_2	1490000	174	-0.959427
scaffold_2	1500000	155	-1.17042
scaffold_2	1510000	234	-1.15556
scaffold_2	1520000	106	-0.612055
scaffold_2	1530000	185	-1.24845
scaffold_2	1540000	141	-0.906875
scaffold_2	1550000	174	-1.07648
scaffold_2	1560000	238	-1.07375
scaffold_2	1570000	174	-0.397594
scaffold_2	1580000	177	-1.0685
scaffold_2	1590000	169	-1.1219
scaffold_2	1600000	150	-1.14329
scaffold_2	1610000	214	-1.1644
scaffold_2	1620000	202	-0.697529
scaffold_2	1630000	197	-1.1441
scaffold_2	1640000	224	-1.04698
scaffold_2	1650000	127	-0.942539
scaffold_2	1660000	165	-1.04517
scaffold_2	1670000	119	-1.21435
scaffold_2	1680000	110	-0.835685
scaffold_2	1690000	148	-1.27526
scaffold_2	1700000	214	-1.12187
scaffold_2	1710000	115	-1.11871
scaffold_2	1720000	207	-1.0302
scaffold_2	1730000	214	-1.19666
scaffold_2	1740000	232	-1.16707
scaffold_2	1750000	180	-1.2471
scaffold_2	1760000	38	-1.42278
scaffold_2	1770000	138	-1.23517
scaffold_2	1780000	213	-1.17439
scaffold_2	1790000	222	-1.09903
scaffold_2	1800000	171	-1.05175
scaffold_2	1810000	176	-0.942938
scaffold_2	1820000	130	-1.2785
scaffold_2	1830000	218	-1.12104
scaffold_2	1840000	193	-1.36484
scaffold_2	1850000	131	-1.07301
scaffold_2	1860000	170	-0.951175
scaffold_2	1870000	256	-1.14877
scaffold_2	1880000	171	-0.899686
scaffold_2	1890000	257	-0.964527
scaffold_2	1900000	206	-0.902812
scaffold_2	1910000	175	-1.18122
scaffold_2	1920000	141	-1.30612
scaffold_2	1930000	231	-1.27958
scaffold_2	1940000	152	-0.917982
scaffold_2	1950000	164	-1.20635
scaffold_2	1960000	165	-0.862953
scaffold_2	1970000	181	-1.10504
scaffold_2	1980000	273	-0.844415
scaffold_2	1990000	191	-0.982052
scaffold_2	2000000	165	-1.17994
scaffold_2	2010000	161	-1.3906
scaffold_2	2020000	140	-1.1525
scaffold_2	2030000	106	-1.02376
scaffold_2	2040000	134	-1.05791
scaffold_2	2050000	26	-0.479544
scaffold_2	2060000	26	-0.479544
scaffold_2	2070000	181	-0.907628
scaffold_2	2080000	151	-0.569802
scaffold_2	2090000	205	-1.1078
scaffold_2	2100000	211	-1.0266
scaffold_2	2110000	156	-0.895914
scaffold_2	2120000	225	-1.02409
scaffold_2	2130000	195	-1.1866
scaffold_2	2140000	230	-0.968564
scaffold_2	2150000	253	-0.931732
scaffold_2	2160000	229	-1.00991
scaffold_2	2170000	148	-0.780559
scaffold_2	2180000	206	-1.14039
scaffold_2	2190000	93	-1.01154
scaffold_2	2200000	202	-1.26588
scaffold_2	2210000	239	-1.10989
scaffold_2	2220000	134	-1.02526
scaffold_2	2230000	216	-1.02992
scaffold_2	2240000	211	-0.993887
scaffold_2	2250000	239	-0.869452
scaffold_2	2260000	202	-1.04382
scaffold_2	2270000	264	-0.860955
scaffold_2	2280000	252	-0.825834
scaffold_2	2290000	201	-1.10998
scaffold_2	2300000	179	-1.10536
scaffold_2	2310000	241	-0.865945
scaffold_2	2320000	218	0.279729
scaffold_2	2330000	188	-0.0525136
scaffold_2	2340000	332	0.156249
scaffold_2	2350000	142	-0.351911
scaffold_2	2360000	93	-0.988121
scaffold_2	2370000	151	-0.9014
scaffold_2	2380000	221	-1.17227
scaffold_2	2390000	108	-1.1171
scaffold_2	2400000	184	-1.09009
scaffold_2	2410000	194	-1.18151
scaffold_2	2420000	186	-0.896112
scaffold_2	2430000	177	-1.13578
scaffold_2	2440000	207	-1.22874
scaffold_2	2450000	156	-0.956114
scaffold_2	2460000	139	-1.08893
scaffold_2	2470000	167	-1.06805
scaffold_2	2480000	160	-1.0178
scaffold_2	2490000	204	-1.36245
scaffold_2	2500000	206	-0.695694
scaffold_2	2510000	157	-1.40253
scaffold_2	2520000	90	-1.11482
scaffold_2	2530000	124	-0.922972
scaffold_2	2540000	180	-0.726485
scaffold_2	2550000	113	-0.103463
scaffold_2	2560000	111	-0.563852
scaffold_2	2570000	186	-0.651722
scaffold_2	2580000	157	0.0112124
scaffold_2	2590000	90	-0.675964
scaffold_2	2600000	171	-0.949152
scaffold_2	2610000	209	-0.207969
scaffold_2	2620000	269	-0.409948
scaffold_2	2630000	248	-0.268368
scaffold_2	2640000	200	-0.237396
scaffold_2	2650000	150	-0.0772489
scaffold_2	2660000	198	-0.455499
scaffold_2	2670000	230	-0.655982
scaffold_2	2680000	204	-0.851916
scaffold_2	2690000	142	-0.906954
scaffold_2	2700000	106	-0.697338
scaffold_2	2710000	183	-1.04477
scaffold_2	2720000	180	-1.03468
scaffold_2	2730000	173	-1.01218
scaffold_2	2740000	242	-0.812954
scaffold_2	2750000	256	-0.578164
scaffold_2	2760000	198	-0.826161
scaffold_2	2770000	162	-0.678305
scaffold_2	2780000	260	-1.05825
scaffold_2	2790000	223	-0.657655
scaffold_2	2800000	192	-0.736748
scaffold_2	2810000	205	-0.930283
scaffold_2	2820000	176	-1.20466
scaffold_2	2830000	161	-0.945222
scaffold_2	2840000	178	-1.02893
scaffold_2	2850000	137	-0.835802
scaffold_2	2860000	104	-1.04375
scaffold_2	2870000	131	-0.853539
scaffold_2	2880000	231	-1.08659
scaffold_2	2890000	96	-1.14486
scaffold_2	2900000	198	-1.02258
scaffold_2	2910000	163	-1.13702
scaffold_2	2920000	203	-1.23328
scaffold_2	2930000	96	-1.10595
scaffold_2	2940000	73	-0.820158
scaffold_2	2950000	204	-1.37629
scaffold_2	2960000	177	-0.707327
scaffold_2	2970000	192	-1.11237
scaffold_2	2980000	131	-0.877394
scaffold_2	2990000	135	-1.19351
scaffold_2	3000000	175	-0.977099
scaffold_2	3010000	227	-1.00795
scaffold_2	3020000	148	-0.767875
scaffold_2	3030000	76	-1.04022
scaffold_2	3040000	164	-0.895082
scaffold_2	3050000	186	-0.425872
scaffold_2	3060000	97	-0.247038
scaffold_2	3070000	112	-0.0990643
scaffold_2	3080000	164	-0.310741
scaffold_2	3090000	172	-0.191222
scaffold_2	3100000	151	-0.0972739
scaffold_2	3110000	255	-0.307051
scaffold_2	3120000	190	-0.0533077
scaffold_2	3130000	159	0.220168
scaffold_2	3140000	189	-0.284328
scaffold_2	3150000	190	-0.178725
scaffold_2	3160000	259	-0.337059
scaffold_2	3170000	105	0.100272
scaffold_2	3180000	86	-0.289058
scaffold_2	3190000	127	0.0167979
scaffold_2	3200000	149	0.959466
scaffold_2	3210000	25	-0.5228
scaffold_2	3220000	118	-0.190482
scaffold_2	3230000	190	-0.0582584
scaffold_2	3240000	211	-0.184915
scaffold_2	3250000	251	-0.308629
scaffold_2	3260000	262	-0.338882
scaffold_2	3270000	179	-0.268453
scaffold_2	3280000	185	-0.297839
scaffold_2	3290000	168	-0.103206
scaffold_2	3300000	90	-0.136899
scaffold_2	3310000	202	0.0509567
scaffold_2	3320000	221	-0.0914848
scaffold_2	3330000	261	-0.241578
scaffold_2	3340000	229	0.0881896
scaffold_2	3350000	202	-0.354344
scaffold_2	3360000	222	-0.014595
scaffold_2	3370000	199	-0.0763867
scaffold_2	3380000	177	-0.0894336
scaffold_2	3390000	223	-0.14671
scaffold_2	3400000	209	-0.14792
scaffold_2	3410000	313	-0.156573
scaffold_2	3420000	101	-0.0573468
scaffold_2	3430000	152	-0.00585289
scaffold_2	3440000	193	-0.162515
scaffold_2	3450000	331	-0.197816
scaffold_2	3460000	192	-0.0165227
scaffold_2	3470000	161	-0.157544
scaffold_2	3480000	117	-0.240356
scaffold_2	3490000	160	-0.422888
scaffold_2	3500000	204	-0.209134
scaffold_2	3510000	245	-0.157905
scaffold_2	3520000	108	-0.441543
scaffold_2	3530000	309	-0.11216
scaffold_2	3540000	215	-0.44368
scaffold_2	3550000	111	-0.0805375
scaffold_2	3560000	110	-0.203438
scaffold_2	3570000	194	-0.0306005
scaffold_2	3580000	173	-0.331221
scaffold_2	3590000	139	-0.209334
scaffold_2	3600000	142	-0.318872
scaffold_2	3610000	147	-0.211363
scaffold_2	3620000	194	-0.113039
scaffold_2	3630000	164	-0.314561
scaffold_2	3640000	107	-1.38408
scaffold_2	3650000	166	-1.42366
scaffold_2	3660000	150	-1.42075
scaffold_2	3670000	96	-1.53722
scaffold_2	3680000	93	-1.42307
scaffold_2	3690000	160	-1.44245
scaffold_2	3700000	90	-1.44655
scaffold_2	3710000	86	-1.4888
scaffold_2	3720000	101	-1.40213
scaffold_2	3730000	120	-1.13387
scaffold_2	3740000	108	-0.421334
scaffold_2	3750000	158	0.0192526
scaffold_2	3760000	186	-0.0921533
scaffold_2	3770000	129	-0.370547
scaffold_2	3780000	221	-0.348545
scaffold_2	3790000	195	-0.311733
scaffold_2	3800000	139	-0.373556
scaffold_2	3810000	180	-0.049162
scaffold_2	3820000	3	0.398039
scaffold_3	0	58	-1.50794
scaffold_3	10000	99	0.717937
scaffold_3	20000	92	0.972429
scaffold_3	30000	71	-1.71174
scaffold_3	40000	141	-1.29946
scaffold_3	50000	152	-1.45332
scaffold_3	60000	169	-1.38325
scaffold_3	70000	134	-1.33084
scaffold_3	80000	112	-1.43874
scaffold_3	90000	150	-1.44995
scaffold_3	100000	146	-1.45581
scaffold_3	110000	136	-1.43517
scaffold_3	120000	100	-1.4692
scaffold_3	130000	124	-1.50479
scaffold_3	140000	148	-1.48878
scaffold_3	150000	113	-1.11669
scaffold_3	160000	127	-1.22788
scaffold_3	170000	136	-1.29035
scaffold_3	180000	125	-1.35272
scaffold_3	190000	183	-1.42503
scaffold_3	200000	177	-1.42437
scaffold_3	210000	98	-1.37225
scaffold_3	220000	126	-1.34931
scaffold_3	230000	223	-1.44871
scaffold_3	240000	160	-1.38961
scaffold_3	250000	173	-1.25487
scaffold_3	260000	223	-1.44871
scaffold_3	270000	184	-1.54836
scaffold_3	280000	115	-1.56642
scaffold_3	290000	228	-1.41649
scaffold_3	300000	141	-1.53236
scaffold_3	310000	140	-1.44065
scaffold_3	320000	173	-1.32731
scaffold_3	330000	90	-1.3498000000000001
scaffold_3	340000	104	-1.33741
scaffold_3	350000	88	-1.18281
scaffold_3	360000	173	-1.59354
scaffold_3	370000	180	-1.35854
scaffold_3	380000	157	-1.33872
scaffold_3	390000	142	-1.42015
scaffold_3	400000	46	-0.837728
scaffold_3	410000	135	-1.37876
scaffold_3	420000	239	-0.974563
scaffold_3	430000	223	-0.86316
scaffold_3	440000	180	-0.785686
scaffold_3	450000	205	-0.882843
scaffold_3	460000	159	-1.14444
scaffold_3	470000	84	-1.11015
scaffold_3	480000	172	-0.843325
scaffold_3	490000	185	-1.079
scaffold_3	500000	205	-0.884374
scaffold_3	510000	228	-0.84646
scaffold_3	520000	246	-0.934668
scaffold_3	530000	156	-0.891901
scaffold_3	540000	213	-1.058
scaffold_3	550000	222	-0.843119
scaffold_3	560000	181	-1.00806
scaffold_3	570000	138	-1.56596
scaffold_3	580000	141	-1.21296
scaffold_3	590000	146	-1.34439
scaffold_3	600000	146	-1.23082
scaffold_3	610000	181	-1.29378
scaffold_3	620000	100	-1.26362
scaffold_3	630000	122	-1.44263
scaffold_3	640000	161	-1.33614
scaffold_3	650000	174	-1.53747
scaffold_3	660000	197	-1.5421
scaffold_3	670000	130	-1.55252
scaffold_3	680000	186	-1.41017
scaffold_3	690000	194	-1.50803
scaffold_3	700000	168	-1.41397
scaffold_3	710000	155	-1.13811
scaffold_3	720000	127	-1.34103
scaffold_3	730000	123	-1.31908
scaffold_3	740000	185	-1.40434
scaffold_3	750000	159	-1.41815
scaffold_3	760000	173	-1.2929
scaffold_3	770000	176	-1.49132
scaffold_3	780000	152	-1.3586
scaffold_3	790000	154	-1.39359
scaffold_3	800000	207	-1.35303
scaffold_3	810000	159	-1.39452
scaffold_3	820000	181	-1.44097
scaffold_3	830000	220	-1.34176
scaffold_3	840000	273	-1.50975
scaffold_3	850000	106	-1.6031
scaffold_3	860000	82	-1.48209
scaffold_3	870000	130	-1.38426
scaffold_3	880000	269	-1.40753
scaffold_3	890000	177	-1.25086
scaffold_3	900000	64	-1.8305
scaffold_3	910000	101	-1.84936
scaffold_3	920000	64	-1.45864
scaffold_3	930000	68	-1.40473
scaffold_3	940000	123	-1.52728
scaffold_3	950000	204	-1.3809
scaffold_3	960000	105	-1.51454
scaffold_3	970000	123	-1.53489
scaffold_3	980000	126	-1.37658
scaffold_3	990000	191	-1.52216
scaffold_3	1000000	94	-1.41446
scaffold_3	1010000	66	-1.93932
scaffold_3	1020000	177	-1.43676
scaffold_3	1030000	143	-1.7054
scaffold_3	1040000	118	-1.69298
scaffold_3	1050000	150	-1.51045
scaffold_3	1060000	126	-1.446
scaffold_3	1070000	128	-1.23281
scaffold_3	1080000	134	-1.54778
scaffold_3	1090000	62	-1.27145
scaffold_3	1100000	100	-1.45362
scaffold_3	1110000	75	-1.33947
scaffold_3	1120000	71	-0.11511
scaffold_3	1130000	38	-1.37468
scaffold_3	1140000	53	-1.59702
scaffold_3	1150000	142	-1.45979
scaffold_3	1160000	164	-1.40113
scaffold_3	1170000	203	-1.37699
scaffold_3	1180000	151	-1.6247
scaffold_3	1190000	173	-1.48669
scaffold_3	1200000	167	-0.289677
scaffold_3	1210000	254	-0.115439
scaffold_3	1220000	268	0.165272
scaffold_3	1230000	231	-0.154238
scaffold_3	1240000	262	-0.120633
scaffold_3	1250000	90	0.0773443
scaffold_3	1260000	130	0.0964076
scaffold_3	1270000	194	-0.455726
scaffold_3	1280000	169	-0.169157
scaffold_3	1290000	210	-0.12467
scaffold_3	1300000	190	-0.201828
scaffold_3	1310000	169	-4.80491e-4
scaffold_3	1320000	90	-0.064333
scaffold_3	1330000	185	-0.0538322
scaffold_3	1340000	105	-0.00362214
scaffold_3	1350000	270	-0.25005
scaffold_3	1360000	93	0.397012
scaffold_3	1370000	140	0.0268931
scaffold_3	1380000	195	-0.0302949
scaffold_3	1390000	148	-0.101932
scaffold_3	1400000	160	-0.927777
scaffold_3	1410000	120	-0.532881
scaffold_3	1420000	132	-1.23048
scaffold_3	1430000	147	-1.44581
scaffold_3	1440000	153	-1.46008
scaffold_3	1450000	135	-1.44591
scaffold_3	1460000	94	-1.42771
scaffold_3	1470000	142	-1.22853
scaffold_3	1480000	172	-1.49543
scaffold_3	1490000	175	-1.37818
scaffold_3	1500000	202	-1.26899
scaffold_3	1510000	153	-1.45599
scaffold_3	1520000	94	-1.38467
scaffold_3	1530000	127	-1.42221
scaffold_3	1540000	91	-1.59807
scaffold_3	1550000	9	0.17857
scaffold_3	1560000	105	-1.44627
scaffold_3	1570000	85	-1.30167
scaffold_3	1580000	111	-1.35345
scaffold_3	1590000	36	-1.62719
scaffold_3	1600000	38	-0.564915
scaffold_3	1610000	99	-0.298156
scaffold_3	1620000	173	0.641325
scaffold_3	1630000	166	-0.457622
scaffold_3	1640000	138	-1.4708
scaffold_3	1650000	144	-1.35025
scaffold_3	1660000	105	-1.45221
scaffold_3	1670000	127	-1.45173
scaffold_3	1680000	105	-1.3216
scaffold_3	1690000	19	-1.92594
scaffold_3	1700000	142	-1.3783
scaffold_3	1710000	78	-2.14297
scaffold_3	1720000	120	-2.1199
scaffold_3	1730000	74	-2.00689
scaffold_3	1740000	4	-1.66706
scaffold_3	1750000	0	0
scaffold_3	1760000	0	0
scaffold_3	1770000	0	0
scaffold_3	1780000	0	0
scaffold_3	1790000	0	0
scaffold_3	1800000	112	-2.06819
scaffold_3	1810000	60	-2.09571
scaffold_3	1820000	99	-2.15103
scaffold_3	1830000	97	-2.15041
scaffold_3	1840000	122	-2.13881
scaffold_3	1850000	151	-2.14697
scaffold_3	1860000	152	-2.13278
scaffold_3	1870000	121	-2.12556
scaffold_3	1880000	95	-2.1039
scaffold_3	1890000	116	-2.13662
scaffold_3	1900000	99	-2.05351
scaffold_3	1910000	63	-2.13403
scaffold_3	1920000	113	-2.13544
scaffold_3	1930000	114	-2.155
scaffold_3	1940000	174	-2.04348
scaffold_3	1950000	112	-2.15453
scaffold_3	1960000	105	-2.13197
scaffold_3	1970000	107	-2.15329
scaffold_3	1980000	152	-2.14719
scaffold_3	1990000	72	-2.10971
scaffold_3	2000000	65	-2.00227
scaffold_3	2010000	117	-1.91293
scaffold_3	2020000	55	-2.08814
scaffold_3	2030000	90	-2.14803
scaffold_3	2040000	118	-2.13738
scaffold_3	2050000	48	-2.07498
scaffold_3	2060000	89	-2.14766
scaffold_3	2070000	58	-0.901785
scaffold_3	2080000	94	-2.14943
scaffold_3	2090000	139	-2.15975
scaffold_3	2100000	101	-2.01283
scaffold_3	2110000	238	-0.133036
scaffold_3	2120000	155	-0.281847
scaffold_3	2130000	105	0.00825151
scaffold_3	2140000	136	0.171639
scaffold_3	2150000	77	-1.53417
scaffold_3	2160000	77	-2.14248
scaffold_3	2170000	65	-2.10216
scaffold_3	2180000	113	-2.15477
scaffold_3	2190000	77	-2.14248
scaffold_3	2200000	114	-2.11669
scaffold_3	2210000	52	-2.12432
scaffold_3	2220000	67	-2.04906
scaffold_3	2230000	56	-2.12828
scaffold_3	2240000	73	-2.00454
scaffold_3	2250000	60	-2.13172
scaffold_3	2260000	49	-2.07708
scaffold_3	2270000	88	-2.14728
scaffold_3	2280000	131	0.0863596
scaffold_3	2290000	132	-0.0371849
scaffold_3	2300000	41	-0.321694
scaffold_3	2310000	165	-0.109393
scaffold_3	2320000	85	-0.230601
scaffold_3	2330000	198	-0.262248
scaffold_3	2340000	106	-0.382675
scaffold_3	2350000	149	-0.182961
scaffold_3	2360000	190	-0.124267
scaffold_3	2370000	52	-0.556913
scaffold_3	2380000	134	-0.0618606
scaffold_3	2390000	134	-0.337117
scaffold_3	2400000	179	-0.151146
scaffold_3	2410000	166	-0.1463
scaffold_3	2420000	203	-0.388008
scaffold_3	2430000	121	-0.404428
scaffold_3	2440000	167	-0.0552278
scaffold_3	2450000	132	-0.378126
scaffold_3	2460000	118	-0.0846725
scaffold_3	2470000	156	-0.163483
scaffold_3	2480000	167	-0.192146
scaffold_3	2490000	146	-0.135856
scaffold_3	2500000	37	0.192878
scaffold_3	2510000	125	-0.315737
scaffold_3	2520000	171	-0.258457
scaffold_3	2530000	187	-0.364778
scaffold_3	2540000	149	0.0606451
scaffold_3	2550000	215	-0.0145591
scaffold_3	2560000	129	0.157474
scaffold_3	2570000	263	-0.25267
scaffold_3	2580000	239	-0.137616
scaffold_3	2590000	188	-0.245961
scaffold_3	2600000	148	-0.256261
scaffold_3	2610000	220	-0.099164
scaffold_3	2620000	218	-0.32492
scaffold_3	2630000	201	-1.948
scaffold_3	2640000	176	-2.15186
scaffold_3	2650000	142	-2.16021
scaffold_3	2660000	128	-2.15788
scaffold_3	2670000	83	-2.14525
scaffold_3	2680000	161	-1.94878
scaffold_3	2690000	39	-2.10615
scaffold_3	2700000	59	-2.1309
scaffold_3	2710000	108	-2.15354
scaffold_3	2720000	153	-2.16174
scaffold_3	2730000	156	-2.13402
scaffold_3	2740000	135	-2.1429
scaffold_3	2750000	80	-2.06243
scaffold_3	2760000	94	-2.10308
scaffold_3	2770000	151	-1.67237
scaffold_3	2780000	159	-1.26653
scaffold_3	2790000	187	-1.41427
scaffold_3	2800000	168	-0.597305
scaffold_3	2810000	134	-0.0198724
scaffold_3	2820000	123	0.0290867
scaffold_3	2830000	130	0.0122787
scaffold_3	2840000	125	-0.0058906
scaffold_3	2850000	49	-0.0152669
scaffold_3	2860000	156	0.00106343
scaffold_3	2870000	129	0.135675
scaffold_3	2880000	22	0.0276826
scaffold_3	2890000	2	-0.69098
scaffold_3	2900000	0	0
scaffold_3	2910000	1	0
scaffold_3	2920000	0	0
scaffold_3	2930000	0	0
scaffold_3	2940000	0	0
scaffold_3	2950000	1	0
scaffold_3	2960000	1	0
scaffold_3	2970000	0	0
scaffold_3	2980000	1	0
scaffold_3	2990000	2	-1.40085
scaffold_3	3000000	2	-1.40085
scaffold_3	3010000	0	0
scaffold_3	3020000	0	0
scaffold_3	3030000	0	0
scaffold_3	3040000	0	0
scaffold_3	3050000	0	0
scaffold_3	3060000	0	0
scaffold_3	3070000	2	-1.40085
scaffold_3	3080000	2	-1.40085
scaffold_3	3090000	2	1.74286
scaffold_3	3100000	2	-1.40085
scaffold_3	3110000	0	0
scaffold_3	3120000	3	-1.56222
scaffold_3	3130000	0	0
scaffold_3	3140000	0	0
scaffold_3	3150000	1	0
scaffold_3	3160000	0	0
scaffold_3	3170000	0	0
scaffold_3	3180000	1	0
scaffold_3	3190000	0	0
scaffold_3	3200000	1	0
scaffold_3	3210000	0	0
scaffold_3	3220000	0	0
scaffold_3	3230000	0	0
scaffold_3	3240000	0	0
scaffold_3	3250000	0	0
scaffold_3	3260000	0	0
scaffold_3	3270000	3	-1.03446
scaffold_3	3280000	3	-1.03446
scaffold_3	3290000	1	0
scaffold_3	3300000	0	0
scaffold_3	3310000	0	0
scaffold_3	3320000	1	0
scaffold_3	3330000	2	1.84427
scaffold_3	3340000	0	0
scaffold_3	3350000	1	0
scaffold_3	3360000	1	0
scaffold_3	3370000	0	0
scaffold_3	3380000	0	0
scaffold_3	3390000	0	0
scaffold_3	3400000	2	-1.40085
scaffold_3	3410000	0	0
scaffold_3	3420000	11	-1.94429
scaffold_3	3430000	93	-2.14909
scaffold_3	3440000	112	-2.09604
scaffold_3	3450000	93	-2.07214
scaffold_3	3460000	58	-2.05562
scaffold_3	3470000	105	-2.03995
scaffold_3	3480000	75	-2.14146
scaffold_3	3490000	35	-2.098
scaffold_3	3500000	80	-2.14391
scaffold_3	3510000	81	-2.14437
scaffold_3	3520000	66	-2.13613
scaffold_3	3530000	104	-1.38536
scaffold_3	3540000	33	-0.495248
scaffold_3	3550000	73	-2.11067
scaffold_3	3560000	54	-2.08646
scaffold_3	3570000	133	-2.14232
scaffold_3	3580000	37	-2.10228
scaffold_3	3590000	89	-2.14766
scaffold_3	3600000	76	-2.08485
scaffold_3	3610000	125	-2.13983
scaffold_3	3620000	78	-2.01568
scaffold_3	3630000	101	-2.11461
scaffold_3	3640000	118	-2.07918
scaffold_3	3650000	127	-2.1577
scaffold_3	3660000	144	-2.13009
scaffold_3	3670000	37	-2.10228
scaffold_3	3680000	60	-2.13172
scaffold_3	3690000	89	-1.94502
scaffold_3	3700000	117	-2.137
scaffold_3	3710000	65	-1.988
scaffold_3	3720000	88	-2.02363
scaffold_3	3730000	75	-2.14146
scaffold_3	3740000	46	-2.11716
scaffold_3	3750000	42	-2.06035
scaffold_3	3760000	56	-1.42396
scaffold_3	3770000	96	-2.15009
scaffold_3	3780000	49	-2.12095
scaffold_3	3790000	54	-2.12637
scaffold_3	3800000	36	-1.77078
scaffold_3	3810000	85	-2.14609
scaffold_3	3820000	57	-2.04265
scaffold_3	3830000	58	-2.13006
scaffold_3	3840000	68	-2.10558
scaffold_3	3850000	102	-2.06334
scaffold_3	3860000	39	-1.37118
scaffold_3	3870000	22	-1.86367
scaffold_3	3880000	91	-0.658076
scaffold_4	0	32	-0.321791
scaffold_4	10000	18	0.402357
scaffold_4	20000	72	-0.15617
scaffold_4	30000	15	-0.359112
scaffold_4	40000	24	-0.768568
scaffold_4	50000	37	-0.802515
scaffold_4	60000	133	-0.342194
scaffold_4	70000	166	-0.210451
scaffold_4	80000	138	-0.0660388
scaffold_4	90000	123	-0.524399
scaffold_4	100000	241	-0.289998
scaffold_4	110000	229	-0.214782
scaffold_4	120000	214	-0.247916
scaffold_4	130000	160	0.0722158
scaffold_4	140000	28	0.146254
scaffold_4	150000	61	-0.133211
scaffold_4	160000	46	-0.291306
scaffold_4	170000	78	0.522143
scaffold_4	180000	46	0.381726
scaffold_4	190000	70	-0.0905935
scaffold_4	200000	230	-0.363875
scaffold_4	210000	161	0.0563932
scaffold_4	220000	232	-0.0749606
scaffold_4	230000	226	-0.262451
scaffold_4	240000	317	-0.246496
scaffold_4	250000	259	-0.0750552
scaffold_4	260000	144	-0.251086
scaffold_4	270000	75	-0.0868732
scaffold_4	280000	246	-0.240134
scaffold_4	290000	170	-0.0924445
scaffold_4	300000	86	-0.281831
scaffold_4	310000	118	-0.312163
scaffold_4	320000	156	-0.362142
scaffold_4	330000	110	-0.138228
scaffold_4	340000	133	-0.168291
scaffold_4	350000	164	-0.0433958
scaffold_4	360000	142	-0.0391482
scaffold_4	370000	78	0.00503179
scaffold_4	380000	80	0.122032
scaffold_4	390000	125	-0.118335
scaffold_4	400000	79	-0.316786
scaffold_4	410000	59	0.190839
scaffold_4	420000	46	-0.184687
scaffold_4	430000	51	0.402347
scaffold_4	440000	84	-0.174472
scaffold_4	450000	78	-0.185902
scaffold_4	460000	219	-0.406432
scaffold_4	470000	131	-0.531493
scaffold_4	480000	117	-0.317715
scaffold_4	490000	77	-0.583443
scaffold_4	500000	104	-0.0249116
scaffold_4	510000	108	-0.0113772
scaffold_4	520000	33	-0.0360588
scaffold_4	530000	55	-0.0889138
scaffold_4	540000	113	0.0704703
scaffold_4	550000	85	0.00335195
scaffold_4	560000	118	-0.00796058
scaffold_4	570000	81	-0.0247441
scaffold_4	580000	52	0.028647
scaffold_4	590000	100	0.0445851
scaffold_4	600000	51	-0.0135612
scaffold_4	610000	105	0.0230936
scaffold_4	620000	69	0.0422912
scaffold_4	630000	77	-0.0275074
scaffold_4	640000	31	-0.0401036
scaffold_4	650000	101	0.0290152
scaffold_4	660000	71	0.0550226
scaffold_4	670000	79	-0.0260914
scaffold_4	680000	40	0.0284262
scaffold_4	690000	54	0.00586991
scaffold_4	700000	47	0.159087
scaffold_4	710000	77	0.0288919
scaffold_4	720000	118	0.0449442
scaffold_4	730000	108	0.257115
scaffold_4	740000	71	0.15972
scaffold_4	750000	1	0
scaffold_4	760000	1	0
scaffold_4	770000	0	0
scaffold_4	780000	0	0
scaffold_4	790000	0	0
scaffold_4	800000	0	0
scaffold_4	810000	0	0
scaffold_4	820000	1	0
scaffold_4	830000	0	0
scaffold_4	840000	0	0
scaffold_4	850000	2	-1.40085
scaffold_4	860000	4	2.19475
scaffold_4	870000	2	1.84427
scaffold_4	880000	2	0.525941
scaffold_4	890000	1	0
scaffold_4	900000	1	0
scaffold_4	910000	0	0
scaffold_4	920000	0	0
scaffold_4	930000	0	0
scaffold_4	940000	1	0
scaffold_4	950000	0	0
scaffold_4	960000	0	0
scaffold_4	970000	0	0
scaffold_4	980000	3	0.850406
scaffold_4	990000	2	0.120301
scaffold_4	1000000	1	0
scaffold_4	1010000	0	0
scaffold_4	1020000	0	0
scaffold_4	1030000	0	0
scaffold_4	1040000	0	0
scaffold_4	1050000	0	0
scaffold_4	1060000	0	0
scaffold_4	1070000	0	0
scaffold_4	1080000	2	-1.40085
scaffold_4	1090000	0	0
scaffold_4	1100000	0	0
scaffold_4	1110000	2	0.931582
scaffold_4	1120000	2	0.221711
scaffold_4	1130000	1	0
scaffold_4	1140000	3	0.850406
scaffold_4	1150000	0	0
scaffold_4	1160000	0	0
scaffold_4	1170000	0	0
scaffold_4	1180000	0	0
scaffold_4	1190000	2	1.84427
scaffold_4	1200000	11	2.12468
scaffold_4	1210000	1	0
scaffold_4	1220000	0	0
scaffold_4	1230000	0	0
scaffold_4	1240000	0	0
scaffold_4	1250000	0	0
scaffold_4	1260000	2	0.221711
scaffold_4	1270000	0	0
scaffold_4	1280000	16	-0.827759
scaffold_4	1290000	1	0
scaffold_4	1300000	0	0
scaffold_4	1310000	0	0
scaffold_4	1320000	1	0
scaffold_4	1330000	0	0
scaffold_4	1340000	0	0
scaffold_4	1350000	0	0
scaffold_4	1360000	0	0
scaffold_4	1370000	2	-0.69098
scaffold_4	1380000	1	0
scaffold_4	1390000	0	0
scaffold_4	1400000	0	0
scaffold_4	1410000	1	0
scaffold_4	1420000	17	2.3658
scaffold_4	1430000	52	2.48918
scaffold_4	1440000	47	-2.07279
scaffold_4	1450000	103	-2.13102
scaffold_4	1460000	59	-2.1309
scaffold_4	1470000	49	-2.12095
scaffold_4	1480000	52	-2.12432
scaffold_4	1490000	24	-2.06269
scaffold_4	1500000	59	-2.02109
scaffold_4	1510000	105	-2.06667
scaffold_4	1520000	132	1.1419
scaffold_4	1530000	171	0.741859
scaffold_4	1540000	66	1.78137
scaffold_4	1550000	128	0.858982
scaffold_4	1560000	229	1.55095
scaffold_4	1570000	186	1.83431
scaffold_4	1580000	153	2.8276
scaffold_4	1590000	78	2.81732
scaffold_4	1600000	98	2.81244
scaffold_4	1610000	163	2.84376
scaffold_4	1620000	129	2.83875
scaffold_4	1630000	37	2.74306
scaffold_4	1640000	2	1.84427
scaffold_4	1650000	1	0
scaffold_4	1660000	1	0
scaffold_4	1670000	1	0
scaffold_4	1680000	0	0
scaffold_4	1690000	1	0
scaffold_4	1700000	0	0
scaffold_4	1710000	1	0
scaffold_4	1720000	0	0
scaffold_4	1730000	3	-0.355906
scaffold_4	1740000	1	0
scaffold_4	1750000	0	0
scaffold_4	1760000	35	2.33684
scaffold_4	1770000	65	2.8114
scaffold_4	1780000	128	2.8385
scaffold_4	1790000	104	2.00077
scaffold_4	1800000	266	0.794703
scaffold_4	1810000	165	1.05037
scaffold_4	1820000	86	1.05162
scaffold_4	1830000	365	1.0095
scaffold_4	1840000	331	0.775248
scaffold_4	1850000	225	0.793769
scaffold_4	1860000	53	0.615067
scaffold_4	1870000	83	0.717481
scaffold_4	1880000	178	1.12428
scaffold_4	1890000	177	0.597508
scaffold_4	1900000	181	0.895016
scaffold_4	1910000	328	0.755191
scaffold_4	1920000	341	0.690737
scaffold_4	1930000	174	0.385732
scaffold_4	1940000	177	0.386823
scaffold_4	1950000	149	0.625558
scaffold_4	1960000	277	0.238031
scaffold_4	1970000	222	0.524087
scaffold_4	1980000	82	0.240995
scaffold_4	1990000	219	0.34165
scaffold_4	2000000	231	0.178745
scaffold_4	2010000	155	0.491618
scaffold_4	2020000	263	0.466499
scaffold_4	2030000	104	0.136903
scaffold_4	2040000	120	0.872018
scaffold_4	2050000	156	0.288016
scaffold_4	2060000	134	0.467657
scaffold_4	2070000	147	0.101505
scaffold_4	2080000	187	0.379589
scaffold_4	2090000	180	0.502796
scaffold_4	2100000	95	0.94636
scaffold_4	2110000	84	0.102901
scaffold_4	2120000	140	0.989619
scaffold_4	2130000	216	0.914035
scaffold_4	2140000	172	0.541027
scaffold_4	2150000	244	0.0627167
scaffold_4	2160000	112	0.212877
scaffold_4	2170000	121	0.671603
scaffold_4	2180000	168	0.403945
scaffold_4	2190000	143	0.295984
scaffold_4	2200000	154	0.325896
scaffold_4	2210000	170	0.419845
scaffold_4	2220000	84	0.310007
scaffold_4	2230000	198	0.521844
scaffold_4	2240000	194	0.179538
scaffold_4	2250000	195	0.230236
scaffold_4	2260000	72	0.450544
scaffold_4	2270000	82	0.797684
scaffold_4	2280000	139	0.326074
scaffold_4	2290000	162	0.353908
scaffold_4	2300000	43	0.298829
scaffold_4	2310000	166	0.465023
scaffold_4	2320000	144	0.259394
scaffold_4	2330000	119	0.406827
scaffold_4	2340000	238	0.117646
scaffold_4	2350000	291	0.324185
scaffold_4	2360000	250	0.396125
scaffold_4	2370000	281	0.462131
scaffold_4	2380000	344	0.474659
scaffold_4	2390000	405	0.138909
scaffold_4	2400000	56	0.595457
scaffold_4	2410000	183	0.150809
scaffold_4	2420000	167	0.653747
scaffold_4	2430000	64	0.458598
scaffold_4	2440000	82	-0.107409
scaffold_4	2450000	190	0.0836611
scaffold_4	2460000	87	0.557727
scaffold_4	2470000	94	0.479236
scaffold_4	2480000	181	0.495006
scaffold_4	2490000	62	0.442248
scaffold_4	2500000	173	0.342498
scaffold_4	2510000	153	0.468966
scaffold_4	2520000	116	0.314239
scaffold_4	2530000	244	0.378061
scaffold_4	2540000	77	0.423686
scaffold_4	2550000	156	0.368282
scaffold_4	2560000	104	0.382622
scaffold_4	2570000	147	0.484607
scaffold_4	2580000	88	0.41757
scaffold_4	2590000	212	0.279365
scaffold_4	2600000	249	0.627168
scaffold_4	2610000	48	0.0861294
scaffold_4	2620000	105	0.233851
scaffold_4	2630000	12	0.0737717
scaffold_4	2640000	101	0.661309
scaffold_4	2650000	146	-0.122999
scaffold_4	2660000	90	0.288132
scaffold_4	2670000	146	0.365556
scaffold_4	2680000	154	0.901089
scaffold_4	2690000	233	0.584421
scaffold_4	2700000	172	0.309695
scaffold_4	2710000	188	0.271011
scaffold_4	2720000	254	0.369358
scaffold_4	2730000	161	0.282
scaffold_4	2740000	149	0.396653
scaffold_4	2750000	151	0.226035
scaffold_4	2760000	116	0.168962
scaffold_4	2770000	193	0.48739
scaffold_4	2780000	136	0.555527
scaffold_4	2790000	87	0.62561
scaffold_4	2800000	216	0.353222
scaffold_4	2810000	106	0.555433
scaffold_4	2820000	165	-0.0201806
scaffold_4	2830000	97	0.465522
scaffold_4	2840000	193	0.237177
scaffold_4	2850000	156	0.103403
scaffold_4	2860000	182	-0.292858
scaffold_4	2870000	219	-0.215829
scaffold_4	2880000	173	-0.00160581
scaffold_4	2890000	180	-0.120551
scaffold_4	2900000	223	-0.00313834
scaffold_4	2910000	315	-0.199323
scaffold_4	2920000	217	-0.139978
scaffold_4	2930000	185	-0.253782
scaffold_4	2940000	170	-0.0132054
scaffold_4	2950000	228	0.186205
scaffold_4	2960000	10	-1.53448
scaffold_4	2970000	128	0.614899
scaffold_4	2980000	184	0.555618
scaffold_4	2990000	60	-0.321043
scaffold_4	3000000	58	0.746545
scaffold_4	3010000	164	0.882766
scaffold_4	3020000	76	0.653212
scaffold_4	3030000	13	1.0608900000000001
scaffold_4	3040000	23	0.0407066
scaffold_4	3050000	122	0.61265
scaffold_4	3060000	90	0.730442
scaffold_4	3070000	40	0.852456
scaffold_4	3080000	74	0.8038
scaffold_4	3090000	96	0.586736
scaffold_4	3100000	65	0.585318
scaffold_4	3110000	84	0.361783
scaffold_4	3120000	56	0.38086
scaffold_4	3130000	93	0.995897
scaffold_4	3140000	111	0.529225
scaffold_4	3150000	175	0.60932
scaffold_4	3160000	54	1.01498
scaffold_4	3170000	56	0.975129
scaffold_4	3180000	109	0.964548
scaffold_4	3190000	65	0.475917
scaffold_4	3200000	98	0.975881
scaffold_4	3210000	62	0.691332
scaffold_4	3220000	117	0.605267
scaffold_4	3230000	61	0.818356
scaffold_4	3240000	68	0.779732
scaffold_4	3250000	82	0.585612
scaffold_4	3260000	83	0.743676
scaffold_4	3270000	140	0.797521
scaffold_4	3280000	80	1.04936
scaffold_4	3290000	141	0.565889
scaffold_4	3300000	138	0.756428
scaffold_4	3310000	144	0.556994
scaffold_4	3320000	69	1.3837
scaffold_4	3330000	85	1.49114
scaffold_4	3340000	47	1.23587
scaffold_4	3350000	98	1.82108
scaffold_4	3360000	93	1.1933
scaffold_4	3370000	43	1.35883
scaffold_4	3380000	190	1.52926
scaffold_4	3390000	77	1.34622
scaffold_4	3400000	93	1.47434
scaffold_4	3410000	100	1.73902
scaffold_4	3420000	171	1.67256
scaffold_4	3430000	78	1.54443
scaffold_4	3440000	71	1.79997
scaffold_4	3450000	125	1.35343
scaffold_4	3460000	140	0.674667
scaffold_4	3470000	73	1.00099
scaffold_4	3480000	19	0.616548
scaffold_4	3490000	54	1.42546
scaffold_4	3500000	16	1.17299
scaffold_4	3510000	28	1.05981
scaffold_4	3520000	71	1.56877
scaffold_4	3530000	110	0.981671
scaffold_4	3540000	106	0.520144
scaffold_4	3550000	24	1.08551
scaffold_4	3560000	25	1.15317
scaffold_4	3570000	28	1.03831
scaffold_4	3580000	24	0.637547
scaffold_4	3590000	11	1.30577
